start_year,end_year,origin_code,origin_name,destination_code,destination_name,area_km2,carbon_change_MtC
2005,2010,2,Forest,2,Forest,8.28,0.0
2005,2010,2,Forest,4,Grassland,0.36,-0.00327456
2005,2010,3,Shrub,2,Forest,0.09,0.0006072299999999999
2005,2010,3,Shrub,3,Shrub,0.18,0.0
2005,2010,4,Grassland,2,Forest,2.07,0.01882872
2005,2010,4,Grassland,4,Grassland,95492.7,0.0
2005,2010,4,Grassland,5,Water,215.19,-2.1723430500000003
2005,2010,4,Grassland,6,Snow/Ice,9.36,-0.09448920000000001
2005,2010,4,Grassland,7,Barren,1623.96,-11.72011932
2005,2010,5,Water,4,Grassland,6.84,0.06904980000000001
2005,2010,5,Water,5,Water,4673.61,0.0
2005,2010,5,Water,6,Snow/Ice,0.44999999999999996,0.0
2005,2010,5,Water,7,Barren,6.21,0.01787238
2005,2010,6,Snow/Ice,4,Grassland,1.6199999999999999,0.0163539
2005,2010,6,Snow/Ice,5,Water,1.44,0.0
2005,2010,6,Snow/Ice,6,Snow/Ice,951.66,0.0
2005,2010,6,Snow/Ice,7,Barren,8.91,0.025642980000000003
2005,2010,7,Barren,4,Grassland,1412.55,10.194373350000001
2005,2010,7,Barren,5,Water,157.95,-0.45458010000000004
2005,2010,7,Barren,6,Snow/Ice,200.07,-0.57580146
2005,2010,7,Barren,7,Barren,18569.52,0.0
2010,2015,2,Forest,2,Forest,10.17,0.0
2010,2015,2,Forest,4,Grassland,0.27,-0.00245592
2010,2015,3,Shrub,3,Shrub,0.18,0.0
2010,2015,4,Grassland,2,Forest,0.54,0.00491184
2010,2015,4,Grassland,4,Grassland,95334.48,0.0
2010,2015,4,Grassland,5,Water,163.89,-1.65446955
2010,2015,4,Grassland,6,Snow/Ice,1.08,-0.0109026
2010,2015,4,Grassland,7,Barren,1414.08,-10.20541536
2010,2015,5,Water,4,Grassland,58.23,0.5878318499999999
2010,2015,5,Water,5,Water,4856.849999999999,0.0
2010,2015,5,Water,6,Snow/Ice,0.09,0.0
2010,2015,5,Water,7,Barren,133.01999999999998,0.38283156000000007
2010,2015,6,Snow/Ice,4,Grassland,16.74,0.1689903
2010,2015,6,Snow/Ice,5,Water,5.58,0.0
2010,2015,6,Snow/Ice,6,Snow/Ice,915.5699999999999,0.0
2010,2015,6,Snow/Ice,7,Barren,223.65,0.6436647000000001
2010,2015,7,Barren,4,Grassland,1917.81,13.840834769999999
2010,2015,7,Barren,5,Water,241.2,-0.6941736000000001
2010,2015,7,Barren,6,Snow/Ice,24.3,-0.06993540000000001
2010,2015,7,Barren,7,Barren,18025.29,0.0
2015,2020,2,Forest,2,Forest,10.44,0.0
2015,2020,2,Forest,4,Grassland,0.27,-0.00245592
2015,2020,3,Shrub,4,Grassland,0.18,-0.0004228200000000002
2015,2020,4,Grassland,2,Forest,0.44999999999999996,0.0040932
2015,2020,4,Grassland,3,Shrub,0.09,0.0002114100000000001
2015,2020,4,Grassland,4,Grassland,93245.58,0.0
2015,2020,4,Grassland,5,Water,199.17,-2.01062115
2015,2020,4,Grassland,6,Snow/Ice,1.26,-0.012719699999999999
2015,2020,4,Grassland,7,Barren,3880.98,-28.009032660000003
2015,2020,5,Water,4,Grassland,17.37,0.17535015
2015,2020,5,Water,5,Water,5145.66,0.0
2015,2020,5,Water,6,Snow/Ice,0.09,0.0
2015,2020,5,Water,7,Barren,104.39999999999999,0.3004632
2015,2020,6,Snow/Ice,4,Grassland,1.6199999999999999,0.0163539
2015,2020,6,Snow/Ice,5,Water,0.36,0.0
2015,2020,6,Snow/Ice,6,Snow/Ice,859.14,0.0
2015,2020,6,Snow/Ice,7,Barren,79.92,0.23000976
2015,2020,7,Barren,4,Grassland,783.9,5.657406300000001
2015,2020,7,Barren,5,Water,159.84,-0.46001952
2015,2020,7,Barren,6,Snow/Ice,16.02,-0.04610556
2015,2020,7,Barren,7,Barren,18836.28,0.0
2020,2025,2,Forest,2,Forest,10.53,0.0
2020,2025,2,Forest,3,Shrub,0.09,-0.0006072299999999999
2020,2025,2,Forest,4,Grassland,0.27,-0.00245592
2020,2025,3,Shrub,2,Forest,0.09,0.0006072299999999999
2020,2025,4,Grassland,2,Forest,1.26,0.01146096
2020,2025,4,Grassland,3,Shrub,0.18,0.0004228200000000002
2020,2025,4,Grassland,4,Grassland,92127.69,0.0
2020,2025,4,Grassland,5,Water,101.61,-1.02575295
2020,2025,4,Grassland,6,Snow/Ice,0.27,-0.00272565
2020,2025,4,Grassland,7,Barren,1817.9099999999999,-13.11985647
2020,2025,5,Water,2,Forest,0.09,0.00172719
2020,2025,5,Water,4,Grassland,45.18,0.45609210000000006
2020,2025,5,Water,5,Water,5397.21,0.0
2020,2025,5,Water,7,Barren,62.55,0.1800189
2020,2025,6,Snow/Ice,4,Grassland,2.6999999999999997,0.0272565
2020,2025,6,Snow/Ice,5,Water,0.09,0.0
2020,2025,6,Snow/Ice,6,Snow/Ice,811.8,0.0
2020,2025,6,Snow/Ice,7,Barren,61.919999999999995,0.17820576000000002
2020,2025,7,Barren,4,Grassland,2524.77,18.22126509
2020,2025,7,Barren,5,Water,137.88,-0.39681864
2020,2025,7,Barren,6,Snow/Ice,35.82,-0.10308996000000001
2020,2025,7,Barren,7,Barren,20203.11,0.0
2025,2030,2,Forest,2,Forest,11.61,0.0
2025,2030,2,Forest,4,Grassland,0.27,-0.00245592
2025,2030,2,Forest,5,Water,0.09,-0.00172719
2025,2030,3,Shrub,3,Shrub,0.18,0.0
2025,2030,3,Shrub,4,Grassland,0.09,-0.0002114100000000001
2025,2030,4,Grassland,2,Forest,0.18,0.00163728
2025,2030,4,Grassland,4,Grassland,92259.72,0.0
2025,2030,4,Grassland,5,Water,147.6,-1.490022
2025,2030,4,Grassland,7,Barren,2293.11,-16.549374869999998
2025,2030,5,Water,4,Grassland,30.419999999999998,0.30708989999999997
2025,2030,5,Water,5,Water,5516.19,0.0
2025,2030,5,Water,7,Barren,90.17999999999999,0.25953804
2025,2030,6,Snow/Ice,5,Water,1.3499999999999999,0.0
2025,2030,6,Snow/Ice,6,Snow/Ice,759.6899999999999,0.0
2025,2030,6,Snow/Ice,7,Barren,86.85,0.24995430000000002
2025,2030,7,Barren,4,Grassland,1538.01,11.099818170000002
2025,2030,7,Barren,5,Water,251.45999999999998,-0.7237018800000001
2025,2030,7,Barren,6,Snow/Ice,8.37,-0.02408886
2025,2030,7,Barren,7,Barren,20347.649999999998,0.0
2030,2035,2,Forest,2,Forest,11.43,0.0
2030,2035,2,Forest,4,Grassland,0.27,-0.00245592
2030,2035,2,Forest,7,Barren,0.09,-0.00146817
2030,2035,3,Shrub,3,Shrub,0.09,0.0
2030,2035,3,Shrub,4,Grassland,0.09,-0.0002114100000000001
2030,2035,4,Grassland,2,Forest,0.27,0.00245592
2030,2035,4,Grassland,4,Grassland,91410.12,0.0
2030,2035,4,Grassland,5,Water,199.35,-2.01243825
2030,2035,4,Grassland,7,Barren,2218.77,-16.01286309
2030,2035,5,Water,4,Grassland,16.47,0.16626465
2030,2035,5,Water,5,Water,5790.0599999999995,0.0
2030,2035,5,Water,7,Barren,110.16,0.31704047999999996
2030,2035,6,Snow/Ice,6,Snow/Ice,688.14,0.0
2030,2035,6,Snow/Ice,7,Barren,79.92,0.23000976
2030,2035,7,Barren,4,Grassland,1588.4099999999999,11.46355497
2030,2035,7,Barren,5,Water,257.94,-0.74235132
2030,2035,7,Barren,6,Snow/Ice,6.029999999999999,-0.01735434
2030,2035,7,Barren,7,Barren,20965.41,0.0
2005,2025,2,Forest,2,Forest,7.739999999999999,0.0
2005,2025,2,Forest,3,Shrub,0.09,-0.0006072299999999999
2005,2025,2,Forest,4,Grassland,0.8099999999999999,-0.00736776
2005,2025,3,Shrub,4,Grassland,0.27,-0.0006342300000000003
2005,2025,4,Grassland,2,Forest,4.2299999999999995,0.03847608
2005,2025,4,Grassland,3,Shrub,0.18,0.0004228200000000002
2005,2025,4,Grassland,4,Grassland,92841.66,0.0
2005,2025,4,Grassland,5,Water,556.65,-5.61938175
2005,2025,4,Grassland,6,Snow/Ice,2.34,-0.023622300000000002
2005,2025,4,Grassland,7,Barren,3938.22,-28.42213374
2005,2025,5,Water,4,Grassland,29.07,0.29346165
2005,2025,5,Water,5,Water,4491.99,0.0
2005,2025,5,Water,6,Snow/Ice,0.18,0.0
2005,2025,5,Water,7,Barren,165.87,0.47737386
2005,2025,6,Snow/Ice,4,Grassland,11.43,0.11538585
2005,2025,6,Snow/Ice,5,Water,1.98,0.0
2005,2025,6,Snow/Ice,6,Snow/Ice,810.9,0.0
2005,2025,6,Snow/Ice,7,Barren,139.32,0.40096296000000003
2005,2025,7,Barren,4,Grassland,1817.37,13.115959290000001
2005,2025,7,Barren,5,Water,586.17,-1.6869972600000003
2005,2025,7,Barren,6,Snow/Ice,34.47,-0.09920466
2005,2025,7,Barren,7,Barren,17902.079999999998,0.0
2025,2035,2,Forest,2,Forest,11.61,0.0
2025,2035,2,Forest,4,Grassland,0.27,-0.00245592
2025,2035,2,Forest,7,Barren,0.09,-0.00146817
2025,2035,3,Shrub,3,Shrub,0.09,0.0
2025,2035,3,Shrub,4,Grassland,0.09,-0.0002114100000000001
2025,2035,3,Shrub,7,Barren,0.09,-0.00086094
2025,2035,4,Grassland,4,Grassland,92623.59,0.0
2025,2035,4,Grassland,5,Water,326.52,-3.2962194000000005
2025,2035,4,Grassland,7,Barren,1750.5,-12.6333585
2025,2035,5,Water,2,Forest,0.09,0.00172719
2025,2035,5,Water,4,Grassland,6.4799999999999995,0.0654156
2025,2035,5,Water,5,Water,5502.69,0.0
2025,2035,5,Water,7,Barren,127.53,0.36703134000000004
2025,2035,6,Snow/Ice,5,Water,1.71,0.0
2025,2035,6,Snow/Ice,6,Snow/Ice,689.67,0.0
2025,2035,6,Snow/Ice,7,Barren,156.51,0.45043578
2025,2035,7,Barren,4,Grassland,384.93,2.77803981
2025,2035,7,Barren,5,Water,416.43,-1.19848554
2025,2035,7,Barren,6,Snow/Ice,4.5,-0.012951
2025,2035,7,Barren,7,Barren,21339.63,0.0
2005,2035,2,Forest,2,Forest,7.6499999999999995,0.0
2005,2035,2,Forest,3,Shrub,0.09,-0.0006072299999999999
2005,2035,2,Forest,4,Grassland,0.8999999999999999,-0.0081864
2005,2035,3,Shrub,4,Grassland,0.27,-0.0006342300000000003
2005,2035,4,Grassland,2,Forest,3.96,0.036020159999999996
2005,2035,4,Grassland,4,Grassland,91559.43,0.0
2005,2035,4,Grassland,5,Water,911.6999999999999,-9.2036115
2005,2035,4,Grassland,6,Snow/Ice,0.27,-0.00272565
2005,2035,4,Grassland,7,Barren,4867.92,-35.13177864
2005,2035,5,Water,2,Forest,0.09,0.00172719
2005,2035,5,Water,4,Grassland,24.48,0.2471256
2005,2035,5,Water,5,Water,4403.7,0.0
2005,2035,5,Water,7,Barren,258.84,0.74494152
2005,2035,6,Snow/Ice,4,Grassland,7.92,0.0799524
2005,2035,6,Snow/Ice,5,Water,1.6199999999999999,0.0
2005,2035,6,Snow/Ice,6,Snow/Ice,683.01,0.0
2005,2035,6,Snow/Ice,7,Barren,271.08,0.78016824
2005,2035,7,Barren,4,Grassland,1422.36,10.265172119999999
2005,2035,7,Barren,5,Water,930.3299999999999,-2.67748974
2005,2035,7,Barren,6,Snow/Ice,10.889999999999999,-0.03134142
2005,2035,7,Barren,7,Barren,17976.51,0.0
